{
  "0.0": {
    "n_ven": 0,
    "n_params": 4206002,
    "val_acc_mean": 0.992,
    "val_acc_std": 0.0,
    "plateau_mean": 2.0
  },
  "0.5": {
    "n_ven": 10,
    "n_params": 4207034,
    "val_acc_mean": 0.9940000000000001,
    "val_acc_std": 0.0016329931618554536,
    "plateau_mean": 1.0
  },
  "1.0": {
    "n_ven": 20,
    "n_params": 4208064,
    "val_acc_mean": 0.9946666666666667,
    "val_acc_std": 0.0009428090415820641,
    "plateau_mean": 1.3333333333333333
  },
  "2.0": {
    "n_ven": 40,
    "n_params": 4210124,
    "val_acc_mean": 0.9946666666666667,
    "val_acc_std": 0.0009428090415820641,
    "plateau_mean": 1.0
  },
  "3.0": {
    "n_ven": 60,
    "n_params": 4212184,
    "val_acc_mean": 0.9940000000000001,
    "val_acc_std": 0.0016329931618554536,
    "plateau_mean": 1.3333333333333333
  },
  "5.0": {
    "n_ven": 100,
    "n_params": 4216304,
    "val_acc_mean": 0.9933333333333333,
    "val_acc_std": 0.0009428090415820641,
    "plateau_mean": 1.0
  },
  "8.0": {
    "n_ven": 160,
    "n_params": 4222484,
    "val_acc_mean": 0.9940000000000001,
    "val_acc_std": 0.0016329931618554536,
    "plateau_mean": 1.3333333333333333
  },
  "10.0": {
    "n_ven": 200,
    "n_params": 4226604,
    "val_acc_mean": 0.9933333333333333,
    "val_acc_std": 0.0018856180831641283,
    "plateau_mean": 1.6666666666666667
  }
}